"","ICD10_CODE","DIAGNOSIS","ICD10_Chapter","N","IR_Low_education","IR_Medium_education","IR_High_education"
"1","K56","Paralytic ileus and intestinal obstruction without hernia",11,30065,125.621198178065,100.556735036724,82.4483067179672
"2","K74","Fibrosis and cirrhosis of liver",11,8848,39.3306868406196,26.9148048366441,19.0432871540753
"3","K87","Disorders of gallbladder, biliary tract and pancreas in diseases classified elsewhere",11,265,0.799135831315324,0.967237429847952,0.591706448452453
"4","K90","Intestinal malabsorption",11,5422,18.5854725296132,16.8536583179243,16.4244901356357
"5","L08","Other local infections of skin and subcutaneous tissue",12,32270,130.551760595729,106.682217054882,108.64418236448
"6","M10","Gout",13,26740,83.5890150919569,71.8283133968118,49.5633619567604
"7","M35","Other systemic involvement of connective tissue",13,26326,77.6262794311169,81.7570604976197,76.8722182872489
"8","M63","Disorders of muscle in diseases classified elsewhere",13,111,1.46390292481795,1.49702627708173,0.798340996740242
"9","M66","Spontaneous rupture of synovium and tendon",13,6969,21.592859581215,22.0161987474269,22.4019301766883
"10","M68","Disorders of synovium and tendon in diseases classified elsewhere",13,282,0.911346656782306,0.949697172775124,0.917898717361722
"11","M70","Soft tissue disorders related to use, overuse and pressure",13,49774,162.368418893199,169.278345702482,139.871320239079
"12","M84","Disorders of continuity of bone",13,5779,23.3740294111806,20.1965759384826,16.0861472166638
"13","M87","Osteonecrosis",13,3697,12.9372626935308,11.4326829830426,10.2301146028157
"14","M90","Osteopathies in diseases classified elsewhere",13,1110,3.60531112760342,3.44455598966971,3.01057217087856
"15","N01","Rapidly progressive nephritic syndrome",14,136,11.6918177288856,15.4859662787179,2.61990494500405
"16","N02","Recurrent and persistent haematuria",14,827,16.4083762167405,16.3206403887606,14.2723589467114
"17","N08","Glomerular disorders in diseases classified elsewhere",14,2664,599.723015253684,603.741801803038,330.051601211611
"18","N15","Other renal tubulo-interstitial diseases",14,981,4.94609369759282,3.69396240481392,2.43676427380397
"19","N19","Unspecified renal failure",14,14833,53.5501505873788,39.1496587109247,29.0576764625545
"20","N36","Other disorders of urethra",14,2686,6.21956456306658,6.82987695900857,7.55794560946353
"21","N37","Urethral disorders in diseases classified elsewhere",14,163,0.563667432701471,0.534867280821314,0.500899457030656
"22","N39","Other disorders of urinary system",14,126345,474.3309605845,398.566090857559,353.802934204525
"23","R26","Abnormalities of gait and mobility",18,4459,20.4684849569559,13.6864101022998,10.6147442753627
"24","R36","Urethral discharge",18,114,0.460480094586155,0.273563221467083,0.348870631538798
"25","R39","Other symptoms and signs involving the urinary system",18,102015,250.761513578336,236.611055905553,237.995384473477
"26","R68","Other general symptoms and signs",18,3262,41.4167326499738,44.83606430754,45.6982625972158
"27","R77","Other abnormalities of plasma proteins",18,1452,6.0639327659612,3.68366586236021,3.0873195985369
"28","R78","Findings of drugs and other substances, not normally found in blood",18,2197,18.2551680346825,12.7773141076411,12.1794954630238
"29","R83","Abnormal findings in cerebrospinal fluid",18,123,0.887793264633447,1.20328189920616,0.947808892045091
"30","R84","Abnormal findings in specimens from respiratory organs and thorax",18,157,4.00030215863852,4.37166811187626,2.64922058471395
"31","R90","Abnormal findings on diagnostic imaging of central nervous system",18,1864,23.1952499031253,23.2773221232878,19.0341002833844
"32","S22","Fracture of rib(s), sternum and thoracic spine",19,30800,117.772767646802,96.7090077346463,80.6715992403263
"33","A41","Other septicaemia",1,86983,345.251328837171,250.289321897993,199.500999238327
"34","D34","Benign neoplasm of thyroid gland",2,2885,8.47927076831018,9.90585378247872,9.88489978484348
"35","D40","Neoplasm of uncertain or unknown behaviour of male genital organs",2,231,0.0040788882318749,0.00241377989064975,0.00184711407979902
"36","D41","Neoplasm of uncertain or unknown behaviour of urinary organs",2,1298,4.59218428541751,3.9519481796657,3.12486084447529
"37","D45","Polycythaemia vera",2,2237,7.09457849122464,6.9438506886414,6.1795580097558
"38","D55","Anaemia due to enzyme disorders",3,208,12.3248712344909,5.23554061215135,8.6566447535696
"39","D61","Other aplastic anaemias",3,2288,11.473990712732,8.01639871449335,6.20755269521277
"40","D70","Agranulocytosis",3,1072,4.22987785460521,3.45428146830042,2.81508439121717
"41","D75","Other diseases of blood and blood-forming organs",3,6317,24.0838256137576,19.5123998574479,16.9279866785342
"42","E12","Malnutrition-related diabetes mellitus",4,438,31.2545653912963,9.93300054724544,2.67059932365415
"43","E13","Other specified diabetes mellitus",4,6803,32.436279188935,21.986537966723,14.788259490792
"44","E23","Hypofunction and other disorders of pituitary gland",4,5522,19.6338798829203,17.2937828628184,16.8689204252308
"45","E43","Unspecified severe protein-energy malnutrition",4,115,1.8359743538602,0.992302755684544,0.332975274498016
"46","E44","Protein-energy malnutrition of moderate and mild degree",4,167,1.39484978624127,1.31248381540948,0.427096774630922
"47","E46","Unspecified protein-energy malnutrition",4,2160,9.13530888493311,6.86875478826412,5.61000433177568
"48","E51","Thiamine deficiency",4,1467,6.18524973981412,4.1382704683803,2.89054783927662
"49","E56","Other vitamin deficiencies",4,822,17.0599108904372,7.31884831875684,5.73874299963933
"50","E64","Sequelae of malnutrition and other nutritional deficiencies",4,7133,551.563624544069,362.772835898311,246.637511995285
"51","E70","Disorders of aromatic amino-acid metabolism",4,763,4.63232058980502,3.53572663626535,2.55902963465946
"52","E71","Disorders of branched-chain amino-acid metabolism and fatty-acid metabolism",4,115,0.912981646179932,0.51248143841846,0.832205405950314
"53","E72","Other disorders of amino-acid metabolism",4,493,3.41289380568921,2.24618225251189,1.58883461649981
"54","E85","Amyloidosis",4,1323,8.02088047670824,7.88634447418765,6.09677519674218
"55","E87","Other disorders of fluid, electrolyte and acid-base balance",4,77244,304.31723339158,218.656510180525,160.086439504298
"56","G36","Other acute disseminated demyelination",6,225,0.725579758259699,0.704074833531775,0.540177168020483
"57","G41","Status epilepticus",6,2021,19.3579221181994,8.78431844109804,5.76448585193207
"58","G46","Vascular syndromes of brain in cerebrovascular diseases",6,758,21.9201950180902,12.1068853602664,10.9680494165604
"59","G50","Disorders of trigeminal nerve",6,6625,21.0939175260706,20.1237480282519,17.9227736806459
"60","G57","Mononeuropathies of lower limb",6,13199,62.4963348030413,63.8868471361701,53.4420442328681
"61","G73","Disorders of myoneural junction and muscle in diseases classified elsewhere",6,434,1.38474445666278,1.40318396891704,1.25451864890039
"62","G82","Paraplegia and tetraplegia",6,3765,20.7976350421153,12.6431195992419,10.6729741445257
"63","G94","Other disorders of brain in diseases classified elsewhere",6,1223,6.79197237134228,5.40324709133238,4.74391179140723
"64","G96","Other disorders of central nervous system",6,32659,419.178921007902,307.781163099939,285.981621240777
"65","H28","Cataract and other disorders of lens in diseases classified elsewhere",7,279,1.6384989863697,0.975259769155103,0.744999632849921
"66","H30","Chorioretinal inflammation",7,1789,6.1473116334936,6.24397648083828,6.72125577982471
"67","H35","Other retinal disorders",7,65905,195.768247456374,197.547676564149,198.101121404288
"68","I46","Cardiac arrest",9,22143,147.583559250781,84.3117720680588,55.1716928851637
"69","I52","Other heart disorders in diseases classified elsewhere",9,286,1.38481707598413,0.883348022463884,0.356388305816555
"70","I60","Subarachnoid haemorrhage",9,6630,29.8381892286184,24.3750494626826,18.5725350215749
"71","I64","Stroke, not specified as haemorrhage or infarction",9,35631,245.936540898578,176.988539809988,130.886557634819
"72","J32","Chronic sinusitis",10,15970,44.3706527513907,49.1669852193877,55.1584817338942
"73","J47","Bronchiectasis",10,9682,29.1940841241458,29.2447372929622,31.6824473365439
"74","J69","Pneumonitis due to solids and liquids",10,10897,52.6669773193952,28.7942676925849,22.1574348216975
"75","J91","Pleural effusion in conditions classified elsewhere",10,5747,30.0168429580364,22.8001787660091,18.3242187008872
"76","J95","Postprocedural respiratory disorders, not elsewhere classified",10,5188,21.1562161299899,15.7481461250099,10.7864867330797
"77","J98","Other respiratory disorders",10,11707,69.7395652351757,51.9887724688303,37.1044680615871
"78","K40","Inguinal hernia",11,70944,151.622857909951,166.280481006588,164.447345656002
"79","M19","Other arthrosis",13,85009,347.469260693162,322.956077654263,244.99705520386
"80","M72","Fibroblastic disorders",13,37377,121.017470080232,139.687927108451,132.092976454005
"81","M82","Osteoporosis in diseases classified elsewhere",13,626,3.09343223623427,2.94144308740512,2.96522983774131
"82","M83","Adult osteomalacia",13,1108,27.0819106289829,20.5479312222205,15.6148068509358
"83","M85","Other disorders of bone density and structure",13,57845,169.637864402683,168.511512220662,166.219566683151
"84","N32","Other disorders of bladder",14,5183,33.7250671159394,26.3519636222068,23.5850033511697
"85","N42","Inflammatory diseases of prostate",14,1118,0.000830521165206457,0.000915659604691062,0.000960962559014367
"86","N43","Inflammatory diseases of prostate",14,15873,1.88734272118323,2.0228186637443,1.8483968401409
"87","N85","Other noninflammatory disorders of uterus, except cervix",14,3745,0.00578312810236534,0.00523364286660139,0.00575206806649246
"88","N90","Other noninflammatory disorders of vulva and perineum",14,5510,1.04474673043832,0.931195873252967,0.846942594128681
"89","R03","Abnormal blood-pressure reading, without diagnosis",18,3355,11.4764215208188,10.9199853816908,11.190415548453
"90","R05","Cough",18,50353,171.239281347404,162.158564227014,160.184453822288
"91","R32","Unspecified urinary incontinence",18,27658,103.940865664831,78.0897769243338,66.7651948546396
"92","R58","Haemorrhage, not elsewhere classified",18,5129,27.2233078052343,25.9255065996197,23.5641900485459
"93","R64","Cachexia",18,13527,55.0719009039784,41.291019092501,31.8652746055983
"94","R69","Unknown and unspecified causes of morbidity",18,1178,10.4277704615665,10.0899184863552,15.6129319189489
"95","R70","Elevated erythrocyte sedimentation rate and abnormality of plasma viscosity",18,3182,44.3284399252492,26.2192991310076,19.3454045777556
"96","R80","Isolated proteinuria",18,4269,29.3076993140086,28.0019365128227,24.3119374659029
"97","S04","Injury of cranial nerves",19,2678,12.2729206907914,10.4786332708643,10.0173148398251
"98","S32","Fracture of lumbar spine and pelvis",19,33499,114.591971100738,99.5233274124752,89.3151816550188
"99","A26","Erysipeloid",1,3797,21.9271872520007,14.7099661824574,11.2102827486485
"100","B25","Cytomegaloviral disease",1,1291,3.8760045268867,4.55015004599169,4.49247279520689
"101","B44","Aspergillosis",1,1185,4.81309803688558,3.50812835751804,2.52159207641982
"102","B90","Sequelae of tuberculosis",1,208,4.14994284953363,0.918778564464239,1.41810809845907
"103","C01","Malignant neoplasm of base of tongue",2,630,2.7018128211438,1.97857928946981,1.69454841439827
"104","C03","Malignant neoplasm of gum",2,346,2.13184181533024,1.47222032577862,0.993273395614268
"105","C05","Malignant neoplasm of palate",2,239,1.66361106445674,0.939286431489013,0.699682601344604
"106","C10","Malignant neoplasm of oropharynx",2,2936,9.60128372962438,7.96399554289239,5.73851578778833
"107","C23","Malignant neoplasm of gallbladder",2,797,2.79438869670142,2.05815717525591,1.68781665053798
"108","C26","Malignant neoplasm of other and ill-defined digestive organs",2,584,2.48557979945194,1.68796871685858,1.82051691643854
"109","C32","Malignant neoplasm of larynx",2,2332,8.56913019087703,5.33858042835135,3.21924564118797
"110","C51","Malignant neoplasm of vulva",2,1126,0.443930590324902,0.38270344051822,0.256418107520169
"111","C54","Malignant neoplasm of corpus uteri",2,7207,0.00932146383270774,0.00819554332370307,0.00823432109797455
"112","C72","Malignant neoplasm of spinal cord, cranial nerves and other parts of central nervous system",2,161,0.816285216941215,0.455548759357517,0.577395920116085
"113","C73","Malignant neoplasm of thyroid gland",2,3268,8.96107714595706,9.18562385170796,9.90987050392427
"114","C80","Malignant neoplasm without specification of site",2,7845,72.5722472375424,69.0673706778132,56.2068425064659
"115","C90","Multiple myeloma and malignant plasma cell neoplasms",2,4888,14.4225095688281,15.2621600171832,16.2507259554545
"116","D00","Carcinoma in situ of oral cavity, oesophagus and stomach",2,128,0.599206581673893,0.481074116143546,0.360103696995163
"117","D02","Carcinoma in situ of middle ear and respiratory system",2,197,4.18444382020978,4.60582716333196,2.6286960815022
"118","D05","Carcinoma in situ of breast",2,5310,2.15350392960673,2.73672185719226,3.02762008864687
"119","D14","Benign neoplasm of middle ear and respiratory system",2,9327,38.9523832630612,32.3558752743721,28.3345018920786
"120","D28","Benign neoplasm of other and unspecified female genital organs",2,1806,0.00560183444300241,0.00467500206938141,0.0043162488759581
"121","D31","Benign neoplasm of eye and adnexa",2,3710,11.1836557415166,11.421684087971,13.008154132715
"122","D33","Benign neoplasm of brain and other parts of central nervous system",2,4609,15.8238296417309,16.4950930301424,17.9865922059951
"123","D44","Neoplasm of uncertain or unknown behaviour of endocrine glands",2,1766,9.27977952988836,7.21315000822424,6.07036715229905
"124","D46","Myelodysplastic syndromes",2,3526,10.0018515227126,9.40705732542632,8.2155679123725
"125","D59","Acquired haemolytic anaemia",3,1863,7.01300438055161,5.36007068628653,5.56164687083363
"126","D65","Disseminated intravascular coagulation [defibrination syndrome]",3,725,16.027489061629,6.07978662425071,5.3092115424174
"127","D68","Other coagulation defects",3,9801,45.9154692982078,43.4492124532189,44.1495093302383
"128","E15","Nondiabetic hypoglycaemic coma",4,809,22.3780518168428,11.0801534012317,6.07822914103249
"129","E21","Hyperparathyroidism and other disorders of parathyroid gland",4,14272,41.8354672424219,39.7071198353441,41.063254161707
"130","E58","Dietary calcium deficiency",4,145,0.713536480536837,0.421691518543984,0.352167669940996
"131","E61","Deficiency of other nutrient elements",4,2593,10.3698270804761,7.62485989811793,5.75060759192088
"132","E66","Obesity",4,119474,630.906697785471,508.316885096596,374.208432462899
"133","H93","Other disorders of ear, not elsewhere classified",8,39886,182.057764407215,184.428590723503,188.676163302343
"134","I49","Other cardiac arrhythmias",9,43978,154.810248868809,153.281871194465,163.452753020265
"135","I72","Other aneurysm",9,6797,19.5205346060784,18.5493485915716,17.0822297068893
"136","I73","Other peripheral vascular diseases",9,41865,182.469805534468,138.672374158608,84.3912340787055
"137","I84","Haemorrhoids",9,7165,669046.58694249,611021.521542358,475950.763845046
"138","J44","Other chronic obstructive pulmonary disease",10,99726,545.450621645554,306.657702198073,170.500334545021
"139","K70","Alcoholic liver disease",11,13095,68.6026150937939,41.9149629407177,24.697719463021
"140","K91","Postprocedural disorders of digestive system, not elsewhere classified",11,6619,25.7233421573317,21.1328927297869,16.3766099705983
"141","L11","Other acantholytic disorders",12,545,1.06749216148537,1.8291382490227,2.48539479350942
"142","L12","Pemphigoid",12,1532,4.49647661416253,4.30877306668164,4.09613264390005
"143","L26","Exfoliative dermatitis",12,160,0.588858005971272,0.546428455838897,0.293288575387869
"144","L27","Dermatitis due to substances taken internally",12,2022,8.0596492688269,8.24777348386436,7.70212161705235
"145","L29","Pruritus",12,7809,26.9146129661261,25.3227702669622,24.9875759867643
"146","L44","Other papulosquamous disorders",12,226,0.568654627574071,0.658054378918254,0.809706131445453
"147","L57","Skin changes due to chronic exposure to nonionizing radiation",12,18008,37.9926783599988,56.8893763281995,74.0230579083148
"148","L85","Other epidermal thickening",12,1841,6.68780536241716,6.29026459821422,6.0031303925757
"149","L87","Transepidermal elimination disorders",12,114,5.87953310144133,5.01792606138411,4.00111100043512
"150","L89","Decubitus ulcer",12,13009,60.0757617483443,35.8597619831413,24.8561918962783
"151","M11","Other crystal arthropathies",13,2080,7.35707563496974,6.18341973432503,4.46427978145515
"152","M12","Other specific arthropathies",13,1237,3.5225208391802,4.16097350736432,3.70325034498347
"153","M14","Arthropathies in other diseases classified elsewhere",13,1400,5.92031543542786,4.54048738177966,2.97926566143941
"154","M17","Gonarthrosis [arthrosis of knee]",13,132647,524.027220995267,521.268174671026,430.654999661434
"155","N23","Unspecified renal colic",14,527,58.738624302646,33.2750596134,29.826377951154
"156","N25","Disorders resulting from impaired renal tubular function",14,1042,8.96569046328238,6.5186069549123,5.26269416903979
"157","N26","Unspecified contracted kidney",14,652,6.20605645499013,4.02171286454917,2.58850007171805
"158","N27","Small kidney of unknown cause",14,322,1.26842339465835,1.10543558438365,0.79380144595293
"159","N28","Other disorders of kidney and ureter, not elsewhere classified",14,12098,42.0909505157803,34.2747169266757,27.8476987950567
"160","N45","Orchitis and epididymitis",14,13553,2.37371818585238,2.1172743353592,1.83642418589055
"161","N81","Female genital prolapse",14,44686,3.82137575924772,3.79646326667361,3.81924459384993
"162","R17","Unspecified jaundice",18,8478,31.015956346311,25.517992184906,20.6038342285631
"163","R23","Other skin changes",18,10469,37.0420808408695,42.2906336915487,46.9171264225602
"164","R33","Retention of urine",18,59958,162.62603744793,141.359715198469,131.579974822805
"165","R63","Symptoms and signs concerning food and fluid intake",18,48994,197.205860028971,143.385858299624,111.059433628612
"166","S46","Injury of muscle and tendon at shoulder and upper arm level",19,39192,121.893301702214,125.248875057756,97.4721067214518
"167","T86","Failure and rejection of transplanted organs and tissues",19,1689,6.7778384306812,5.74219441374267,5.03014868636825
"168","T87","Complications peculiar to reattachment and amputation",19,2185,10.1370770917422,5.75621583737403,3.40675444414965
"169","T88","Other complications of surgical and medical care, not elsewhere classified",19,55989,202.959429057171,178.110115136175,161.443056331102
"170","A27","Leptospirosis",1,138,0.349229412513702,0.384912138086184,0.279443644126837
"171","A49","Bacterial infection of unspecified site",1,59820,268.410259663472,225.406337923726,191.180263633694
"172","C82","Follicular [nodular] non-Hodgkin's lymphoma",2,2456,7.49616710880126,7.33323780163939,7.19594131862002
"173","C84","Peripheral and cutaneous T-cell lymphomas",2,911,2.78819969625287,2.69696286536541,2.63449838168011
"174","C86","Other specified types of T/NK-cell lymphoma",2,351,1.10201238446195,1.05851440588954,1.15291539501235
"175","C88","Malignant immunoproliferative diseases",2,2195,6.80381675847346,6.56920574607008,7.89615777099842
"176","C91","Lymphoid leukaemia",2,5569,15.2357313863678,15.4742345067477,16.349027854538
"177","D12","Benign neoplasm of colon, rectum, anus and anal canal",2,147732,596.268061151764,609.114987677031,524.693375125252
"178","F09","Unspecified organic or symptomatic mental disorder",5,512,11.2698766781954,3.29606252788694,2.393193979278
"179","F17","Mental and behavioural disorders due to use of tobacco",5,36920,995.508806366988,499.306010769131,227.658705465382
"180","G37","Other demyelinating diseases of central nervous system",6,1812,9.61136232356108,11.9555003684121,9.9837621104091
"181","G45","Transient cerebral ischaemic attacks and related syndromes",6,50719,166.615361319849,158.246720187354,154.837662081639
"182","H58","Other disorders of eye and adnexa in diseases classified elsewhere",7,403,2.30149583495407,1.80414156765065,1.8945798667968
"183","H59","Postprocedural disorders of eye and adnexa, not elsewhere classified",7,974,3.33363739735901,2.90230865949281,2.8499207414553
"184","H68","Eustachian salpingitis and obstruction",8,1863,6.11904957430465,6.32035246743756,5.74724419705611
"185","H82","Vertiginous syndromes in diseases classified elsewhere",8,1558,8.41273201270255,6.75771926711287,6.18597268011134
"186","H83","Other diseases of inner ear",8,14846,55.2334682923995,59.0566277983482,33.5502904492806
"187","I30","Acute pericarditis",9,4824,17.9693276522355,15.7354296523252,15.0709262482383
"188","I36","Nonrheumatic tricuspid valve disorders",9,1475,4.87974993377666,4.0766487276218,3.94637748906581
"189","I39","Endocarditis and heart valve disorders in diseases classified elsewhere",9,647,7.87034318119376,7.87815912929945,6.42397923808521
"190","I40","Acute myocarditis",9,1102,4.51451303579616,4.71994400530189,3.93272806134573
"191","I45","Other conduction disorders",9,10357,34.9468868073888,32.8511826905549,31.2275870158111
"192","I51","Complications and ill-defined descriptions of heart disease",9,15208,66.6878465086153,57.0830201659836,57.273379977512
"193","I65","Occlusion and stenosis of precerebral arteries, not resulting in cerebral infarction",9,6937,44.3086227902069,37.2343856829749,30.3000880340955
"194","I66","Occlusion and stenosis of cerebral arteries, not resulting in cerebral infarction",9,859,5.68896401115656,3.70300849302537,2.93122325901584
"195","I67","Other cerebrovascular diseases",9,9356,33.4129574712034,28.7045738333151,25.4371032518437
"196","I74","Arterial embolism and thrombosis",9,6083,31.2192593308623,21.1868097098352,12.98464003649
"197","I79","Disorders of arteries, arterioles and capillaries in diseases classified elsewhere",9,515,5.74035182284743,5.08403802133624,5.29344671769784
"198","I81","Portal vein thrombosis",9,1664,5.91320979250537,4.885162677294,4.05810088250724
"199","I82","Other venous embolism and thrombosis",9,11476,40.8696288815781,36.1340931240489,32.7882060537961
"200","I83","Varicose veins of lower extremities",9,54734,189.033751550494,221.310896116623,193.8135941278
"201","K41","Femoral hernia",11,3342,13.1479234711259,12.347961243607,11.217126190765
"202","K44","Diaphragmatic hernia",11,42374,184.663509801815,137.639156167721,100.314071344702
"203","K64","Haemorrhoids and perianal venous thrombosis",11,84206,275.328133717881,265.469749710259,244.727574082056
"204","L74","Eccrine sweat disorders",12,901,3.75832289630436,2.83745895501534,2.47229227115699
"205","L80","Vitiligo",12,807,1.87319263050932,2.19321325413125,2.67042639138087
"206","L82","Seborrhoeic keratosis",12,14750,29.6388091955554,43.6627485279777,62.2313361371569
"207","L98","Other disorders of skin and subcutaneous tissue, not elsewhere classified",12,22041,81.3948398614032,69.3383699964722,60.7041710458855
"208","M25","Other joint disorders, not elsewhere classified",13,66805,225.18463744431,217.529981363943,179.354683104079
"209","M71","Other bursopathies",13,10294,39.9810218746367,40.1656009775621,33.2010771716829
"210","M79","Other soft tissue disorders, not elsewhere classified",13,150857,594.938178064262,518.202119720377,412.271099140257
"211","R22","Localized swelling, mass and lump of skin and subcutaneous tissue",18,15486,53.8089678360838,50.0636240814013,45.9751131542103
"212","R34","Anuria and oliguria",18,1111,14.8357810891099,9.20568691992398,6.11980222406581
"213","R35","Polyuria",18,6304,22.7973551361216,21.8742841617604,21.6890186365614
"214","R42","Dizziness and giddiness",18,79201,294.449202263462,256.132966248137,221.941897323361
"215","R82","Other abnormal findings in urine",18,624,7.68484612913473,6.28333293027784,4.06806447926846
"216","R91","Abnormal findings on diagnostic imaging of lung",18,68385,246.666690222881,210.354592268295,179.433691092346
"217","T93","Sequelae of injuries of lower limb",19,49351,259.760318279721,234.21796544405,184.275357862055
"218","A31","Infection due to other mycobacteria",1,772,3.24401632332748,2.25337095222588,1.92073217995083
"219","B18","Chronic viral hepatitis",1,5436,55.1584588365477,13.493254130477,13.0196457180173
"220","C06","Malignant neoplasm of other and unspecified parts of mouth",2,2757,10.0165775496054,8.0884441855486,5.55529554708803
"221","C25","Malignant neoplasm of pancreas",2,10335,31.8555776951561,30.0726627985767,26.6293981051145
"222","C65","Malignant neoplasm of renal pelvis",2,1323,3.76651364684013,3.85158706958256,3.29754930482413
"223","C66","Malignant neoplasm of ureter",2,544,1.80242704470597,1.78783330442388,1.59815693347246
"224","C68","Malignant neoplasm of other and unspecified urinary organs",2,239,1.16806549089782,0.940856921026208,0.858823713841426
"225","C69","Malignant neoplasm of eye and adnexa",2,914,2.44259051056798,2.77846191846437,3.04576507695818
"226","C70","Malignant neoplasm of meninges",2,134,0.712585150288996,0.43256322133618,0.831780863157365
"227","C71","Malignant neoplasm of brain",2,5569,17.9282154516366,17.0673629688695,16.4963502702833
"228","C85","Other and unspecified types of non-Hodgkin's lymphoma",2,4562,14.8706733671465,14.0451701024198,13.6431763230731
"229","D04","Carcinoma in situ of skin",2,3140,8.70089401164218,9.79453073998057,10.0860048636177
"230","D11","Benign neoplasm of major salivary glands",2,7293,25.3461660913117,22.9592816109667,20.4169809801474
"231","D23","Other benign neoplasms of skin",2,29571,105.232434806874,112.337643380097,114.147568501762
"232","E10","Insulin-dependent diabetes mellitus",4,22903,296.469353768124,185.677809871884,131.265609660541
"233","F22","Persistent delusional disorders",5,5982,50.9773929219691,17.965863671298,12.4155284459769
"234","F41","Other anxiety disorders",5,45417,322.735158457002,184.866483424407,139.974380821627
"235","G98","Other disorders of nervous system, not elsewhere classified",6,13742,201.755148313655,146.058932916104,76.9817009723837
"236","H13","Disorders of conjunctiva in diseases classified elsewhere",7,233,0.759860550478738,0.783355757225864,0.577041387955248
"237","H16","Keratitis",7,12087,41.7389919821262,39.9513684809476,39.9405216420001
"238","H42","Glaucoma in diseases classified elsewhere",7,238,1.70860514713916,1.59294188995512,1.1327497012328
"239","H43","Disorders of vitreous body",7,22740,61.6257350461956,70.026951838924,94.4189792200213
"240","H81","Disorders of vestibular function",8,33488,98.3668042220195,108.084765479771,105.76348958705
"241","I35","Nonrheumatic aortic valve disorders",9,61742,197.406099252598,170.370924726575,148.244159091988
"242","I68","Cerebrovascular disorders in diseases classified elsewhere",9,768,3.6926520651957,3.70786216073961,3.66262529894421
"243","I69","Sequelae of cerebrovascular disease",9,65118,325.159578050019,246.657523414691,178.216210890705
"244","I87","Other disorders of veins",9,7879,33.0937574419141,25.8545699404816,20.2669971371531
"245","I98","Other disorders of circulatory system in diseases classified elsewhere",9,174,4.83591390373675,2.14916410339405,0.823576862931787
"246","I99","Other and unspecified disorders of circulatory system",9,660,89.8015088855157,44.3087429546752,31.4948524438715
"247","J16","Pneumonia due to other infectious organisms, not elsewhere classified",10,1239,8.88483024067923,6.06508859732891,5.83409680661206
"248","J17","Pneumonia in diseases classified elsewhere",10,798,8.12709412445612,4.64213301369487,4.25927456770155
"249","J22","Unspecified acute lower respiratory infection",10,8224,145.50934151209,79.780288928765,62.545369527323
"250","J38","Diseases of vocal cords and larynx, not elsewhere classified",10,12130,47.6614167994307,41.8216734267968,37.9832780089593
"251","J61","Pneumoconiosis due to asbestos and other mineral fibres",10,538,0.395321469662614,0.904760584461588,0.259464978132633
"252","J64","Unspecified pneumoconiosis",10,207,0.629743401928554,0.82961007402898,0.59700871860176
"253","J67","Hypersensitivity pneumonitis due to organic dust",10,797,3.30693283288172,3.04105413147158,2.42172436988907
"254","J68","Respiratory conditions due to inhalation of chemicals, gases, fumes and vapours",10,531,7.66085722503978,5.34190907892441,2.57817588603099
"255","J70","Respiratory conditions due to other external agents",10,966,3.63232387862021,3.22073906779874,2.73383639743717
"256","J82","Pulmonary eosinophilia, not elsewhere classified",10,320,1.28746973477101,1.1086494502143,0.924522026636735
"257","J85","Abscess of lung and mediastinum",10,2485,11.8460299386301,7.23264112759803,4.89253438955515
"258","J90","Pleural effusion, not elsewhere classified",10,22847,77.374524217745,69.0122592770906,56.5652614419986
"259","K10","Other diseases of jaws",11,5151,19.2287079060067,15.9921596461784,13.8494512019924
"260","K21","Gastro-oesophageal reflux disease",11,58635,253.358865158243,193.023446397425,151.261204778596
"261","K61","Abscess of anal and rectal regions",11,12977,58.4041452357953,43.0456155080818,31.0091624033206
"262","K73","Chronic hepatitis, not elsewhere classified",11,1606,6.30538931651464,4.80588191348727,4.04312381619038
"263","K81","Cholecystitis",11,17560,69.0862443523672,60.1385959066386,46.1690201281616
"264","L28","Lichen simplex chronicus and prurigo",12,4384,15.6793456474521,14.6215128241245,12.7871105618888
"265","L41","Parapsoriasis",12,314,0.837859727111701,1.0566634838695,1.03763066946656
"266","L43","Lichen planus",12,5499,13.626157314522,17.5328669870457,18.0570165528235
"267","L64","Androgenic alopecia",12,478,1.21929920453407,1.32588467339835,1.7558682700275
"268","L65","Other nonscarring hair loss",12,696,0.748965517627588,0.97949061758063,0.99215645602837
"269","L66","Cicatricial alopecia [scarring hair loss]",12,819,2.01363998598005,2.23907849536991,2.77421328862005
"270","L72","Follicular cysts of skin and subcutaneous tissue",12,10435,44.0575520589371,40.2477856179289,31.4232364779567
"271","L97","Ulcer of lower limb, not elsewhere classified",12,18169,73.5421361999123,52.4554000541117,35.5476894060123
"272","M18","Arthrosis of first carpometacarpal joint",13,18473,51.8273783137415,54.0743313696833,46.7656764015388
"273","M31","Other necrotizing vasculopathies",13,8398,24.956846169566,24.8839183461732,24.4820482202641
"274","M46","Other inflammatory spondylopathies",13,9428,31.1320460120818,30.1569687813749,26.605130709192
"275","M49","Spondylopathies in diseases classified elsewhere",13,703,3.01929186006741,2.55010273825996,1.92652374888112
"276","M50","Cervical disc disorders",13,34973,198.783262674547,185.918966706093,134.878327549978
"277","M75","Shoulder lesions",13,172421,751.04551860112,745.825890006701,565.049069758996
"278","R02","Gangrene, not elsewhere classified",18,928,3.63746047434051,2.95599725775725,1.39712037756968
"279","R06","Abnormalities of breathing",18,186328,779.119949835678,630.939195194046,494.999123431554
"280","S24","Injury of nerves and spinal cord at thorax level",19,794,2.80257455688465,2.50286094225871,2.36390592037378
"281","S27","Injury of other and unspecified intrathoracic organs",19,5718,25.2616364380734,17.8905243549714,16.4726715671926
"282","T02","Fractures involving multiple body regions",19,785,15.6572384866463,10.052086239815,7.09640732644589
"283","T08","Fracture of spine, level unspecified",19,1312,6.64369355748873,6.03252852263427,5.93410101714747
"284","T66","Unspecified effects of radiation",19,1850,6.70510635515226,5.78596331697769,5.25833132640809
"285","T82","Complications of cardiac and vascular prosthetic devices, implants and grafts",19,4045,15.5055117467098,11.6392405093364,7.76475193328505
"286","T84","Complications of internal orthopaedic prosthetic devices, implants and grafts",19,43578,194.476818075267,161.11178669799,128.146787771257
"287","A32","Listeriosis",1,280,1.20643899412446,0.86294717774396,1.08788036062309
"288","A68","Relapsing fevers",1,139,12.8067422831037,9.04844205271181,10.6885584173653
"289","B24","Unspecified human immunodeficiency virus [HIV] disease",1,204,5.32536240079761,1.48965677225877,1.03646485981795
"290","B35","Dermatophytosis",1,3338,10.0860051024479,10.0457701598301,10.3365491043882
"291","C00","Malignant neoplasm of lip",2,334,1.49607552410562,1.00721796143161,0.604395922497537
"292","C04","Malignant neoplasm of floor of mouth",2,734,5.25976741455524,3.94426242356099,1.49677075356591
"293","C15","Malignant neoplasm of oesophagus",2,6200,19.1106533578346,15.3400847028527,11.4005283441169
"294","C46","Kaposi's sarcoma",2,121,1.5043240078376,0.817858758504852,0.873804325729227
"295","C48","Malignant neoplasm of retroperitoneum and peritoneum",2,1272,3.47553947654076,3.67747304779617,3.98679860649084
"296","C52","Malignant neoplasm of vagina",2,287,0.000514427157277459,0.000421643620819794,0.000234150067587181
"297","C53","Malignant neoplasm of cervix uteri",2,3140,0.00595142712930921,0.00494856996679378,0.00378841083331387
"298","C67","Malignant neoplasm of bladder",2,9740,26.2236351642013,23.9684777894881,17.1684471648689
"299","C93","Monocytic leukaemia",2,757,2.23544921535692,2.08782872132453,2.30033750790866
"300","C94","Other leukaemias of specified cell type",2,389,1.32349657872505,1.17070574726413,0.929260799832686
"301","C96","Other and unspecified malignant neoplasms of lymphoid, haematopoietic and related tissue",2,534,2.30837901552568,1.78146782714352,1.60748252757838
"302","D01","Carcinoma in situ of other and unspecified digestive organs",2,129,1.28525183289474,1.04281386813709,0.451298363054542
"303","D03","Melanoma in situ",2,6484,13.185237633112,21.2871607110003,26.1870524021726
"304","D13","Benign neoplasm of other and ill-defined parts of digestive system",2,8596,29.052140802582,26.908524135455,23.9956486391219
"305","D24","Benign neoplasm of breast",2,17337,17.6823430629581,18.7940213673023,20.5627542966267
"306","D73","Diseases of spleen",3,1220,4.49097953696414,3.94654085284666,3.24156466283373
"307","D81","Combined immunodeficiencies",3,116,5.49547550313642,3.07917649274657,2.9088897910575
"308","D82","Immunodeficiency associated with other major defects",3,141,0.654268612365767,0.43104364980426,0.403114468840746
"309","D84","Other immunodeficiencies",3,2113,6.12408425709871,5.77883916166533,6.61739464843908
"310","E05","Thyrotoxicosis [hyperthyroidism]",4,35185,108.895751644156,94.7468986880926,80.4660409917888
"311","F07","Personality and behavioural disorders due to brain disease, damage and dysfunction",5,2694,23.3970150227151,10.9411165927002,10.3084323579291
"312","F25","Schizoaffective disorders",5,975,12.9455430602922,5.58143208394243,3.24927611389098
"313","F30","Manic episode",5,1318,13.9828212101037,8.25254096047917,7.5957520765274
"314","F32","Depressive episode",5,51882,569.320206924938,347.769384827998,253.154333170415
"315","H51","Other disorders of binocular movement",7,1115,3.3987993728149,3.63067952943663,3.53625851157112
"316","H52","Disorders of refraction and accommodation",7,29993,76.7569937418163,90.2316381940217,103.205810739317
"317","I32","Pericarditis in diseases classified elsewhere",9,308,1.49517096412292,0.901714510815094,0.879110415789212
"318","I33","Acute and subacute endocarditis",9,3824,15.0126516054711,10.1182555924035,9.29491680813113
"319","I38","Endocarditis, valve unspecified",9,3256,13.5548689751764,12.0133399568703,12.0404295452701
"320","I41","Myocarditis in diseases classified elsewhere",9,123,0.55175224821642,0.335005168869135,0.406909545935754
"321","I42","Cardiomyopathy",9,15080,71.3623481911973,51.0172747769207,38.2820558504629
"322","I50","Heart failure",9,87682,321.951139565958,239.989920295514,174.414034193384
"323","J96","Respiratory failure, not elsewhere classified",10,73886,393.951691738893,230.944526633571,148.608348099619
"324","K55","Vascular disorders of intestine",11,7566,28.4834653692847,21.1567364330117,14.9307209413447
"325","K59","Other functional intestinal disorders",11,131065,557.963584201583,434.728539450036,366.381808535774
"326","M54","Dorsalgia",13,163328,710.073492521003,605.845176483775,461.77938076641
"327","R12","Heartburn",18,1874,8.32165470684625,5.803504209534,4.00063554920858
"328","R13","Dysphagia",18,43532,177.265882768321,142.700829939896,115.813671673042
"329","R27","Other lack of coordination",18,837,3.53605644657697,2.47825696666905,1.91548212914297
"330","R29","Other symptoms and signs involving the nervous and musculoskeletal systems",18,134151,509.158772122011,498.035740517237,472.72192610934
"331","R99","Other ill-defined and unspecified causes of mortality",18,15057,58.5253623518907,40.8612025062609,28.0475822318012
"332","T89","Infections optained during hospital treatment",19,354,1.91936107042889,1.17792703776224,0.999810733781549
"333","T91","Sequelae of injuries of neck and trunk",19,2924,11.6854417027004,9.47443469476582,7.72510919747465
"334","A35","Other tetanus",1,141,1.27142443679661,0.887938349194691,0.737709035764127
"335","A48","Other bacterial diseases, not elsewhere classified",1,1837,6.9928092668819,5.47932967643515,3.9697901471021
"336","B33","Other viral diseases, not elsewhere classified",1,436,1.48625226447178,1.19578654895243,1.52122720371164
"337","B37","Candidiasis",1,15968,68.1878433980977,48.1849138653741,40.7709455397544
"338","C60","Malignant neoplasm of penis",2,683,0.000545490563519854,0.000480494130841121,0.000341461536032657
"339","C64","Malignant neoplasm of kidney, except renal pelvis",2,8657,28.3815240153971,24.3233666461654,20.1141524245099
"340","C78","Secondary malignant neoplasm of respiratory and digestive organs",2,39534,131.907022794563,117.436110848877,104.514811320671
"341","D51","Vitamin B12 deficiency anaemia",3,4394,38.0282743576673,20.6262703408332,15.5154763586421
"342","D83","Common variable immunodeficiency",3,322,2.16368680037495,1.54032793190923,2.14664987652713
"343","D86","Sarcoidosis",3,7053,22.0091264512311,20.8262806588061,17.7646014949727
"344","E20","Hypoparathyroidism",4,917,4.50900618564619,3.12176294278956,2.49722327094861
"345","E24","Cushing's syndrome",4,828,2.80190901985667,2.20990893464057,2.16592039511192
"346","E26","Hyperaldosteronism",4,1031,3.39905114115142,3.13758878702552,2.91568197067458
"347","E27","Other disorders of adrenal gland",4,7698,29.8547141019827,26.4602423265509,24.9862916368163
"348","E55","Vitamin D deficiency",4,16005,127.675757752928,64.3882432939621,46.848138565242
"349","E88","Other metabolic disorders",4,4085,25.7605460431595,18.3754832630467,13.4914041524607
"350","F00","Dementia in Alzheimer's disease",5,30237,76.536051063992,62.2618010169976,56.0044144412177
"351","G22","Parkinsonism in diseases classified elsewhere",6,326,0.945910701816277,1.00715580929742,0.986562023875901
"352","G23","Other degenerative diseases of basal ganglia",6,1534,4.45593739346672,5.33235103791588,6.16011745721794
"353","G30","Alzheimer's disease",6,18208,48.004818679008,61.86882221774,66.1452968937992
"354","G52","Disorders of other cranial nerves",6,623,4.10282933232876,2.92782100074494,2.9878780297439
"355","G53","Cranial nerve disorders in diseases classified elsewhere",6,905,4.92237992668616,4.22683531681976,3.94218819086148
"356","G54","Nerve root and plexus disorders",6,5766,42.3084035631407,40.1063027643444,32.216567044149
"357","G61","Inflammatory polyneuropathy",6,1826,7.34029866865159,7.05021787514289,7.22325041985598
"358","G63","Polyneuropathy in diseases classified elsewhere",6,6264,93.1626237822027,81.0541633080743,66.4405701571831
"359","G70","Myasthenia gravis and other myoneural disorders",6,1292,4.65280295139544,4.13523619482031,4.18115087087958
"360","G72","Other myopathies",6,1850,9.88730591610623,8.94940939783127,8.93892762318824
"361","G81","Hemiplegia",6,1875,8.69065887416062,5.31344756348265,4.42029020201845
"362","G83","Other paralytic syndromes",6,1848,12.8800697971866,7.84104400115953,5.43534190808305
"363","G91","Hydrocephalus",6,6130,21.048554888566,18.0389829846418,17.8757538753915
"364","H03","Disorders of eyelid in diseases classified elsewhere",7,174,0.513187298915085,0.550803931466789,0.486784816674746
"365","H04","Disorders of lacrimal system",7,6845,22.4285047433485,22.5645174997079,21.0212390203152
"366","H20","Iridocyclitis",7,7418,26.4820402781335,26.3054248324684,26.1206785764272
"367","H40","Glaucoma",7,20639,70.0704284353425,64.53957503998,64.8067023057996
"368","H94","Other disorders of ear in diseases classified elsewhere",8,667,4.87734508012843,3.66804116490793,3.1068303590364
"369","I05","Rheumatic mitral valve diseases",9,525,8.759426794774,3.98153076845881,5.93130347322529
"370","I13","Hypertensive heart and renal disease",9,707,5.25061650823137,3.1968584539803,3.36302481388718
"371","I20","Angina pectoris",9,77996,521.691113984676,392.229842583952,304.726157280676
"372","I85","Oesophageal varices",9,4917,21.1560455468215,14.4866428549426,9.30208650348065
"373","I97","Postprocedural disorders of circulatory system, not elsewhere classified",9,2018,11.098467612967,10.6699904712541,10.0043255680695
"374","J10","Influenza due to other identified influenza virus",10,4446,19.7659145114097,15.6912431315879,13.9019645887006
"375","J14","Pneumonia due to Haemophilus influenzae",10,3255,15.1759272324193,10.8682952741098,8.48640052043297
"376","J21","Acute bronchiolitis",10,343,1.27253522402132,1.13042497116103,0.931713803012307
"377","J33","Nasal polyp",10,9214,25.459768725782,27.5625528589574,27.4165153860488
"378","J42","Unspecified chronic bronchitis",10,5182,173.916407784261,74.0923553093846,42.7902513794459
"379","K28","Gastrojejunal ulcer",11,2058,47.6094038345645,21.7386869584342,15.7999013127246
"380","K31","Other diseases of stomach and duodenum",11,7255,27.7454121301238,22.4336859816944,17.5327750677152
"381","K43","Ventral hernia",11,23895,105.519485931421,86.4774361247828,63.3368475823204
"382","K58","Irritable bowel syndrome",11,25350,134.109197966553,119.738259014123,101.674391877388
"383","K77","Liver disorders in diseases classified elsewhere",11,185,2.91519401256635,2.64218836809044,2.43434358745284
"384","K80","Cholelithiasis",11,82565,375.74856644458,315.192184229975,223.188792171323
"385","M61","Calcification and ossification of muscle",13,299,2.41910258314112,1.48881712606801,1.73461954473261
"386","M62","Other disorders of muscle",13,54167,257.476515647561,200.438332955781,155.966500866189
"387","N29","Other disorders of kidney and ureter in diseases classified elsewhere",14,103,1.37504671384647,1.31036253011997,0.987819923157098
"388","N30","Cystitis",14,134585,471.026372179721,420.004821737226,418.725954159188
"389","R57","Shock, not elsewhere classified",18,13249,53.819105036935,37.8009501329154,26.2840584784463
"390","R59","Enlarged lymph nodes",18,10962,54.4856562745652,47.0938029615408,42.7718110069144
"391","R73","Elevated blood glucose level",18,9344,47.123136119498,28.4896877614809,19.3040555922604
"392","R79","Other abnormal findings of blood chemistry",18,32803,60.6525325161702,60.6259334356536,62.8410158968935
"393","S73","Dislocation, sprain and strain of joint and ligaments of hip",19,8646,34.5901596970007,27.1705590567836,24.2598268850722
"394","T78","Adverse effects, not elsewhere classified",19,27374,104.946527590304,96.5467360246072,99.518762495201
"395","A44","Bartonellosis",1,385,2.74086758073225,1.91832103496348,1.15010227382876
"396","A69","Other spirochaetal infections",1,4719,10.2740601213756,12.7104763879908,21.7434832496758
"397","B98","Other specified infectious agents as the cause of diseases classified to other chapters",1,5117,28.1557793636003,17.6352068665649,14.4472511087089
"398","C08","Malignant neoplasm of other and unspecified major salivary glands",2,273,1.02589099976679,0.762853538824658,0.711164282382639
"399","C13","Malignant neoplasm of hypopharynx",2,1354,4.64964191511488,3.24778730243056,1.84299586772903
"400","C20","Malignant neoplasm of rectum",2,14479,42.9632421812045,42.9037660961798,35.6020805467303
"401","C75","Malignant neoplasm of other endocrine glands and related structures",2,164,0.975775194516879,0.635103583971621,0.658281550007869
"402","C77","Secondary and unspecified malignant neoplasm of lymph nodes",2,22142,76.0650853325425,71.8722242086426,62.8349755144943
"403","D22","Melanocytic naevi",2,30646,54.7683294933945,87.6627255123555,123.640624231421
"404","D52","Folate deficiency anaemia",3,1281,21.1091122324352,7.34326186096293,3.22861936593557
"405","D63","Anaemia in chronic diseases classified elsewhere",3,11972,99.1928972900822,71.7820295699877,56.3479814086076
"406","E14","Unspecified diabetes mellitus",4,24334,214.42783219092,125.45787314201,75.4900062682889
"407","F33","Recurrent depressive disorder",5,51580,398.465170227946,261.027692806022,196.891270323429
"408","G93","Other disorders of brain",6,6336,32.8751143159094,22.8673780074065,18.4693562624066
"409","H05","Disorders of orbit",7,2574,10.3780525402212,9.76627610672317,8.75887246347154
"410","H18","Other disorders of cornea",7,10815,42.751117903245,40.4590011036577,43.8973183649148
"411","H36","Retinal disorders in diseases classified elsewhere",7,12465,53.5487267646735,37.6499337348626,26.6124830852131
"412","H62","Disorders of external ear in diseases classified elsewhere",8,630,2.18270668414589,2.29653857264028,1.99573413952799
"413","H69","Other disorders of Eustachian tube",8,270,0.753724396838399,0.725060966100283,0.878904252865435
"414","H80","Otosclerosis",8,3430,18.3630494281444,18.9381830664394,21.8281043389914
"415","H92","Otalgia and effusion of ear",8,3537,12.2578118172048,10.9084091739474,11.6640052819827
"416","I08","Multiple valve diseases",9,483,21.6038223276795,13.0604244873712,18.7060165688859
"417","I12","Hypertensive renal disease",9,2109,11.2462383561974,9.15127792153018,6.68301063913292
"418","I21","Acute myocardial infarction",9,63317,257.578284871813,196.232082261745,141.096656342021
"419","J18","Pneumonia, organism unspecified",10,187911,824.379802682297,607.182022394948,496.860584972236
"420","M77","Other enthesopathies",13,47212,160.657125422866,170.003526995322,132.28224275675
"421","M88","Paget's disease of bone [osteitis deformans]",13,310,0.866593154190327,1.07939975993681,0.949262486029121
"422","M89","Other disorders of bone",13,8362,37.3032711319459,31.3069861280132,25.7834921500781
"423","N20","Calculus of kidney and ureter",14,49192,172.550104902312,153.922553480348,132.927740914008
"424","N88","Other noninflammatory disorders of cervix uteri",14,1175,0.00211384699233136,0.00219149802623071,0.00190232355835513
"425","N92","Excessive, frequent and irregular menstruation",14,63218,6.70535516052797,5.80570108939564,4.23380267081276
"426","R67","Findings related to general physical function",18,160287,567.276531388941,465.516431371662,372.938760415158
"427","A53","Other and unspecified syphilis",1,584,2.05249627051272,1.62360230978574,2.21523831241719
"428","A89","Unspecified viral infection of central nervous system",1,129,0.72711369635747,0.475098045041953,0.617803904987265
"429","B02","Zoster [herpes zoster]",1,8486,26.0009694535931,25.6766114995824,28.074698376274
"430","C31","Malignant neoplasm of accessory sinuses",2,311,1.58622281867512,1.07889697816371,0.663119068407653
"431","C34","Malignant neoplasm of bronchus and lung",2,43993,172.323525097818,125.778207002933,80.6489655501822
"432","D36","Benign neoplasm of other and unspecified sites",2,2085,8.63444587254311,8.23457050017873,8.02952204038686
"433","D42","Neoplasm of uncertain or unknown behaviour of meninges",2,205,1.15591398874652,1.38090251891277,1.10478184842161
"434","D43","Neoplasm of uncertain or unknown behaviour of brain and central nervous system",2,3772,12.8491711814382,11.3404648968557,11.5002039488984
"435","D62","Acute posthaemorrhagic anaemia",3,11351,87.2247070038703,62.1905493513948,51.8630261591667
"436","E22","Hyperfunction of pituitary gland",4,3855,12.3817967693558,11.2440050165833,11.1801306561046
"437","E35","Disorders of endocrine glands in diseases classified elsewhere",4,592,4.68814940618588,3.44593604747121,3.53583931398891
"438","E42","Marasmic kwashiorkor",4,178,3.01246628847802,1.18023898810315,1.13353113287651
"439","E47","Other malnutrition",4,2889,8.23117287072592,6.42113611074673,7.01010024822672
"440","E60","Dietary zinc deficiency",4,826,3.98014246194325,2.47320993396092,1.6750077940011
"441","E63","Other nutritional deficiencies",4,1314,18.8424523438537,8.79900431017254,4.30260652643628
"442","E65","Localized adiposity",4,8392,37.9077377727969,35.4086423890259,23.9074257914316
"443","E83","Disorders of mineral metabolism",4,18093,68.8476558175624,57.1782634251703,47.0461658377128
"444","F02","Dementia in other diseases classified elsewhere",5,3981,11.5501460286609,9.95352318398978,9.38153984280939
"445","F03","Unspecified dementia",5,32408,88.225131492932,70.7271903224939,56.4386481293816
"446","G47","Sleep disorders",6,93101,317.60464918072,291.4961662651,245.410841030185
"447","H45","Disorders of vitreous body and globe in diseases classified elsewhere",7,580,2.34796850995327,2.02697744589521,1.65576766239854
"448","H46","Optic neuritis",7,1618,8.18755799878708,8.90840630459666,7.48966323388051
"449","H48","Disorders of optic [2nd] nerve and visual pathways in diseases classified elsewhere",7,386,2.16827862802368,1.64230608884688,1.26554073898028
"450","H49","Paralytic strabismus",7,4734,14.7561295661638,14.4601021937323,15.3797238527799
"451","H60","Otitis externa",8,10900,35.1263996588994,31.8533398545567,32.0135033870282
"452","I09","Other rheumatic heart diseases",9,130,1.5547196131561,0.770153632354144,0.759303428204593
"453","I11","Hypertensive heart disease",9,10911,58.8313872655858,38.6239691131439,24.9221033370114
"454","I25","Chronic ischaemic heart disease",9,90796,429.833165820095,328.436749915817,249.030116328751
"455","K05","Gingivitis and periodontal diseases",11,14667,80.3506880113264,52.3351710228127,40.1367163638049
"456","K26","Duodenal ulcer",11,11457,61.8923909122841,39.9124755875691,26.5894511738769
"457","K57","Diverticular disease of intestine",11,119318,416.054857326143,404.069486666527,354.439761555691
"458","M06","Other rheumatoid arthritis",13,15573,62.7185613319582,54.6380722288758,45.085043775266
"459","M23","Internal derangement of knee",13,135147,807.20109949717,928.211751644211,808.926858367569
"460","N61","Inflammatory disorders of breast",14,6758,13.4940115398856,10.4811584098968,8.62692504658811
"461","N64","Other disorders of breast",14,26094,19.2490486973207,21.4298159417359,18.1478030459129
"462","N93","Other abnormal uterine and vaginal bleeding",14,13664,0.909126864860896,0.88523032485152,0.778659139047849
"463","R04","Haemorrhage from respiratory passages",18,40988,180.389343112231,131.200063215761,107.388006899094
"464","R46","Symptoms and signs involving appearance and behaviour",18,746,3.95355854954047,2.39088571251192,2.16225161958246
"465","R49","Voice disturbances",18,14348,52.0068501605219,51.5740507406345,60.8542477056747
"466","R53","Malaise and fatigue",18,112554,458.842078842353,344.085954403795,279.134668762646
"467","S89","Other and unspecified injuries of lower leg",19,2312,36.7523571727889,25.8506239477057,16.1290920065981
"468","T10","Fracture of upper limb, level unspecified",19,464,3.39018854696429,2.49339937032985,1.6331932685768
"469","T12","Fracture of lower limb, level unspecified",19,672,54.0050338120235,35.4813663760413,16.6168626339754
"470","T68","Hypothermia",19,1759,10.9194929953775,5.43512160959234,3.71660561264019
"471","T81","Complications of procedures, not elsewhere classified",19,85199,319.589195056918,291.139950390088,253.022367875315
"472","A04","Other bacterial intestinal infections",1,16964,68.2287501394975,55.3964097729333,44.0173732041371
"473","C39","Malignant neoplasm of other and ill-defined sites in the respiratory system and intrathoracic organs",2,168,0.7916138492876,0.602066831406881,0.332127858524358
"474","C43","Malignant melanoma of skin",2,21521,49.1587722014199,71.2176008039308,82.5642587274509
"475","C79","Secondary malignant neoplasm of other sites",2,31433,120.563820113736,113.043301418289,103.616730953931
"476","D35","Benign neoplasm of other and unspecified endocrine glands",2,10910,40.8936457636239,36.2395862145687,32.2873524642317
"477","D50","Iron deficiency anaemia",3,37570,173.661665252111,116.05843194205,85.5577389791983
"478","E89","Postprocedural endocrine and metabolic disorders, not elsewhere classified",4,6074,20.600699537483,20.0280682955799,17.4697210700107
"479","F01","Vascular dementia",5,9986,27.0691889211585,21.0590521458015,17.7371631385329
"480","F13","Mental and behavioural disorders due to use of sedatives or hypnotics",5,3740,90.2920747702041,25.4817764681075,13.1651322763345
"481","F31","Bipolar affective disorder",5,10278,69.1018537289903,46.5087461455874,40.2205310398728
"482","G01","Meningitis in bacterial diseases classified elsewhere",6,103,0.476296575264701,0.806896389875215,0.555492732732701
"483","G02","Meningitis in other infectious and parasitic diseases classified elsewhere",6,359,1.10524655958164,1.1587818421205,1.23309722907726
"484","G05","Encephalitis, myelitis and encephalomyelitis in diseases classified elsewhere",6,153,0.997831812348806,0.763019677374382,0.971588975548079
"485","G06","Intracranial and intraspinal abscess and granuloma",6,1064,4.92219943490323,3.64218792121082,3.14609670937457
"486","G11","Hereditary ataxia",6,822,3.17362404701165,2.38599659482505,2.25829783637744
"487","G13","Systemic atrophies primarily affecting central nervous system in diseases classified elsewhere",6,210,1.66397755662915,1.141586645436,0.766997271168023
"488","G21","Secondary parkinsonism",6,1411,5.31367402691517,3.55046496880016,3.3713749626143
"489","G24","Dystonia",6,3920,14.6406485085172,12.3875277423388,12.2046851158051
"490","G35","Multiple sclerosis",6,5347,15.0382405495926,16.6990239097072,14.1720677588284
"491","G55","Nerve root and plexus compressions in diseases classified elsewhere",6,3747,26.9632250520295,25.582994828688,18.5330101211666
"492","G58","Other mononeuropathies",6,1724,7.83024790296322,6.97819093637014,5.31635754936535
"493","G59","Mononeuropathy in diseases classified elsewhere",6,216,1.0633564106694,0.576854398622526,0.419906245021196
"494","G60","Hereditary and idiopathic neuropathy",6,1521,10.0032224548143,7.57181436944104,6.73902661517279
"495","G62","Other polyneuropathies",6,24754,91.4539616313487,77.7467953545447,66.5743683882789
"496","H02","Other disorders of eyelid",7,42473,143.104903414999,148.473619775294,148.505475799206
"497","H54","Blindness and low vision",7,7629,62.3405523953287,35.6059181273889,29.2716516526055
"498","H90","Conductive and sensorineural hearing loss",8,46647,153.716890742831,150.124757940541,148.643268857316
"499","I48","Atrial fibrillation and flutter",9,164508,541.480871729291,489.246554042842,451.416696708136
"500","K14","Diseases of tongue",11,2381,8.55511327356504,7.52430398613519,7.95167709833437
"501","K20","Oesophagitis",11,15586,65.1956590895466,49.7191683039174,34.0898007163972
"502","K45","Other abdominal hernia",11,7138,61.2235529054981,50.5703817668324,40.4199451366524
"503","K52","Other noninfective gastroenteritis and colitis",11,41574,159.059786157571,134.397687301997,105.30965002304
"504","K65","Peritonitis",11,9641,58.24173969666,43.2671796726353,30.1018003269593
"505","K86","Other diseases of pancreas",11,10804,46.3565137983039,37.6675637379034,30.2506388529381
"506","L10","Pemphigus",12,357,1.3150190868345,1.14456013799224,0.871214159774736
"507","L13","Other bullous disorders",12,630,3.54411053155723,3.81581839441386,3.399289736149
"508","L23","Allergic contact dermatitis",12,6509,30.809658535585,35.1071909089777,27.4299357052902
"509","L56","Other acute skin changes due to ultraviolet radiation",12,959,2.34540082383256,2.69206479894176,3.38758394569748
"510","L58","Radiodermatitis",12,154,0.665528402148979,0.640952101973622,0.474819793210093
"511","L59","Other disorders of skin and subcutaneous tissue related to radiation",12,615,2.55477726765406,2.56714425892514,3.27076407767735
"512","L63","Alopecia areata",12,1188,3.02322327538068,3.40920815208055,3.62082236714107
"513","L71","Rosacea",12,6581,13.5950721558925,21.1342675444849,24.4979487576843
"514","L81","Other disorders of pigmentation",12,5245,15.7779402884884,17.0352871576724,20.0242184932484
"515","L90","Atrophic disorders of skin",12,24617,58.9833663747143,57.7681793971969,57.8379242756914
"516","M21","Other acquired deformities of limbs",13,19535,65.3520619117092,60.9447229703521,55.5579735922477
"517","M48","Other spondylopathies",13,62559,224.950130002442,200.404361914393,167.489158282198
"518","M76","Enthesopathies of lower limb, excluding foot",13,37457,101.577561992416,127.769140021638,133.030828549103
"519","M86","Osteomyelitis",13,4457,17.779941803142,13.2530983892319,9.50391856430699
"520","M99","Biomechanical lesions, not elsewhere classified",13,16397,80.2302746307686,66.1490694553563,45.387037539183
"521","N21","Calculus of lower urinary tract",14,6215,12.5015633621769,11.9011728148352,11.3069330798557
"522","N31","Neuromuscular dysfunction of bladder, not elsewhere classified",14,4942,39.7656548593547,28.1086901135631,25.3735013771621
"523","N41","Inflammatory diseases of prostate",14,3548,0.472231381919794,0.476565318410425,0.511107633470217
"524","N46","Male infertility",14,18014,2.23455606333106,2.92992544735431,3.30447899646628
"525","N80","Endometriosis",14,9036,1.69503159000017,1.79166417968119,1.81075889171607
"526","N89","Other noninflammatory disorders of vagina",14,6282,0.580421421124062,0.531088645628658,0.507318077380346
"527","R00","Abnormalities of heart beat",18,55650,187.32096649959,176.204805821335,184.261734712214
"528","R20","Disturbances of skin sensation",18,15991,50.0465885763063,45.918671423109,41.2789474043844
"529","R30","Pain associated with micturition",18,5993,22.3835245047232,20.0711173077695,20.5440541666289
"530","R40","Somnolence, stupor and coma",18,5288,31.1876696722525,13.8865393815007,9.68816936084533
"531","R41","Other symptoms and signs involving cognitive functions and awareness",18,40933,149.194725290419,130.124442007612,128.145573942502
"532","R54","Senility",18,598,2.58290483719387,1.29418298006696,1.27756956496109
"533","R55","Syncope and collapse",18,94224,458.808390530477,359.333233064612,312.207909186236
"534","A05","Other bacterial foodborne intoxications, not elsewhere classified",1,513,2.5953401939685,2.47365603018413,3.66544119962144
"535","A77","Spotted fever [tick-borne rickettsioses]",1,149,0.545168690582348,0.78072953370401,1.0395705654453
"536","A79","Other rickettsioses",1,236,0.74269212511702,0.747473057806679,1.01592296730273
"537","A81","Atypical virus infections of central nervous system",1,189,1.52215360597036,1.20462317424213,0.917511448869119
"538","B20","Human immunodeficiency virus [HIV] disease resulting in infectious and parasitic diseases",1,487,36.3402665984579,11.8003572274165,10.5904130789545
"539","B30","Viral conjunctivitis",1,1443,15.6563337675742,12.7644579962881,14.1852546331666
"540","B91","Sequelae of poliomyelitis",1,595,5.81413688629104,2.5352394655151,4.20192890318741
"541","B99","Other and unspecified infectious diseases",1,2114,12.5336886543955,8.55311514511838,7.20996873739934
"542","C07","Malignant neoplasm of parotid gland",2,549,1.74207191303055,1.68495744128738,1.63626885625535
"543","C17","Malignant neoplasm of small intestine",2,2044,6.74381135068831,7.14122777682917,6.96420661161763
"544","C24","Malignant neoplasm of other and unspecified parts of biliary tract",2,2367,7.90858212195018,7.39477626776961,6.71373952051568
"545","C41","Malignant neoplasm of bone and articular cartilage of other and unspecified sites",2,562,1.77935783913347,1.71320798568762,1.82384798458287
"546","C44","Other malignant neoplasms of skin",2,62666,166.482699977875,207.091868657871,224.974637635126
"547","D29","Benign neoplasm of male genital organs",2,1033,0.460784206392862,0.433079076533162,0.416125300657435
"548","D30","Benign neoplasm of urinary organs",2,9548,74.4858676078538,63.4945594881495,62.0777293123304
"549","D53","Other nutritional anaemias",3,1115,19.8593861596739,8.65040635287033,3.99109505502505
"550","D64","Other anaemias",3,80192,347.885188084535,242.890581056929,191.347101882598
"551","G31","Other degenerative diseases of nervous system, not elsewhere classified",6,7018,20.3132315040681,19.8052872892909,18.605916522152
"552","G51","Facial nerve disorders",6,10226,38.9326062737545,34.4055906032456,30.2327841389837
"553","G64","Other disorders of peripheral nervous system",6,1940,10.7668248788111,8.08149615124499,5.64362366153595
"554","G90","Disorders of autonomic nervous system",6,3449,16.7746306550076,15.1142169266044,14.7433621884691
"555","G97","Postprocedural disorders of nervous system, not elsewhere classified",6,1195,29.0146218159027,25.8179396052325,21.6396344569121
"556","G99","Other disorders of nervous system in diseases classified elsewhere",6,544,3.18212463217054,2.14333329639866,2.21971848028996
"557","H01","Other inflammation of eyelid",7,8304,25.680374280252,25.5175976603186,27.8804262970537
"558","H11","Other disorders of conjunctiva",7,10284,36.9069373176666,32.2660729890626,35.3478078108713
"559","H32","Chorioretinal disorders in diseases classified elsewhere",7,129,1.35527182588582,0.732652929855575,0.93031802695689
"560","H33","Retinal detachments and breaks",7,20671,48.6751767672067,60.0922556007027,79.3942232519138
"561","H61","Other disorders of external ear",8,6356,23.2928009726451,19.7649963498621,25.3627378055039
"562","H91","Other hearing loss",8,125286,416.267660015783,418.94088472058,432.430049864951
"563","J06","Acute upper respiratory infections of multiple and unspecified sites",10,18961,76.012713576186,70.296235239157,70.5253359429447
"564","J86","Pyothorax",10,4568,20.3156194777352,13.9416943646682,10.6732034826943
"565","J93","Pneumothorax",10,11314,50.1672294729999,36.8325851391135,27.7440056697085
"566","K13","Other diseases of lip and oral mucosa",11,7346,24.9226081419105,23.9981926852346,22.5406412337524
"567","K25","Gastric ulcer",11,25131,145.493833985523,92.439723976101,62.8739575350436
"568","K62","Other diseases of anus and rectum",11,66299,270.006124102537,236.761332813302,215.90255337343
"569","L84","Corns and callosities",12,1418,5.90725675917902,4.64281850172414,3.55323977336607
"570","L88","Pyoderma gangrenosum",12,799,3.00339385265473,2.57199137131799,2.45310470742512
"571","L92","Granulomatous disorders of skin and subcutaneous tissue",12,4272,13.6844093271453,13.5501727345401,12.4189354186105
"572","L99","Other disorders of skin and subcutaneous tissue in diseases classified elsewhere",12,594,1.92961403215703,2.11883815370371,1.80934123028158
"573","M00","Pyogenic arthritis",13,4524,21.9024300498482,16.5538142011053,12.8533525288817
"574","M07","Psoriatic and enteropathic arthropathies",13,9031,33.0913144992401,32.6298620169132,24.8455090261259
"575","M16","Coxarthrosis [arthrosis of hip]",13,83181,264.97129012388,265.840856620696,255.813661728669
"576","M81","Osteoporosis without pathological fracture",13,98212,273.701288797397,242.580306163298,228.501329000187
"577","N82","Fistulae involving female genital tract",14,1397,0.778023500505947,0.602026917885557,0.50138593982246
"578","N83","Noninflammatory disorders of ovary, fallopian tube and broad ligament",14,33379,2.61687569312124,2.40367988002446,2.19897959449726
"579","R11","Nausea and vomiting",18,59397,251.894604523446,177.226222689199,138.196690977326
"580","R43","Disturbances of smell and taste",18,1937,26.6448875287874,41.0033578717886,54.5959976947199
"581","R44","Other symptoms and signs involving general sensations and perceptions",18,1587,7.86935109544551,5.52176192601372,4.07066279979124
"582","R45","Symptoms and signs involving emotional state",18,2450,9.67015956507239,7.93766100050541,7.30469288178398
"583","R50","Fever of other and unknown origin",18,56101,196.119277706711,176.85755379153,178.916899580072
"584","T80","Complications following infusion, transfusion and therapeutic injection",19,1301,5.95175491128732,3.84933367384778,3.07577768201857
"585","T83","Complications of genitourinary prosthetic devices, implants and grafts",19,20386,55.5779414342628,46.3886278046159,45.935395711902
"586","A15","Respiratory tuberculosis, bacteriologically and histologically confirmed",1,1210,14.565926610669,4.41155722598487,3.88375251947737
"587","B36","Other superficial mycoses",1,3551,12.710980069069,10.9373583917446,10.3313241955303
"588","B97","Viral agents as the cause of diseases classified to other chapters",1,2381,10796.1649638777,14612.6228375344,11608.664469204
"589","C18","Malignant neoplasm of colon",2,31839,93.3806736061482,92.5189562210457,84.5398662124858
"590","D10","Benign neoplasm of mouth and pharynx",2,10036,40.7707239287005,38.3331328723258,34.5105127410577
"591","D25","Leiomyoma of uterus",2,35933,3.08018937206083,2.99648976762974,2.93519516004928
"592","E75","Disorders of sphingolipid metabolism and other lipid storage disorders",4,126,0.720079587257287,0.431344746621723,0.452224399343407
"593","E79","Disorders of purine and pyrimidine metabolism",4,332,1.3749188993287,1.14131683316199,0.530622720158517
"594","E86","Volume depletion",4,89863,359.490566657228,255.502422388055,189.105042246666
"595","H25","Senile cataract",7,214089,741.882615503837,701.513602326379,675.813704203375
"596","I89","Other noninfective disorders of lymphatic vessels and lymph nodes",9,10456,32.0467541072159,30.6006242448919,32.1805029650529
"597","J13","Pneumonia due to Streptococcus pneumoniae",10,4381,47.4651586191807,25.8166577718733,19.675518601316
"598","J31","Chronic rhinitis, nasopharyngitis and pharyngitis",10,5165,15.6085098599143,17.812301455993,18.5431362070115
"599","J40","Bronchitis, not specified as acute or chronic",10,3175,12.5140336909667,9.80909691038358,7.87304316967551
"600","J43","Emphysema",10,10779,50.4268636128925,38.6023627447614,24.3577527048159
"601","J92","Pleural plaque",10,2762,2.95170859304238,5.24611094787092,2.38458945219366
"602","J94","Other pleural conditions",10,4318,25.7935810725991,18.5718246657519,14.2341850589847
"603","K06","Other disorders of gingiva and edentulous alveolar ridge",11,1385,6.90569120636811,5.14428696963659,4.49441090494168
"604","K09","Cysts of oral region, not elsewhere classified",11,2894,10.817625479218,9.76673585481714,7.99979679269976
"605","K11","Diseases of salivary glands",11,9685,38.2837088062305,33.7460008066402,32.0071700122829
"606","K30","Dyspepsia",11,38757,403.526116948363,251.748178287825,178.090223060977
"607","K63","Other diseases of intestine",11,18446,68.3760422996529,57.1355890822034,46.9676836576109
"608","K71","Toxic liver disease",11,3296,19.9137382619947,12.7916511743165,9.38257902501522
"609","K75","Other inflammatory liver diseases",11,3136,12.6309621160053,9.82858993709593,8.11104983370396
"610","K85","Acute pancreatitis",11,17901,75.7877707913166,56.5096770807929,41.0436709372219
"611","L40","Psoriasis",12,15410,54.8644976950946,52.3023488002681,42.603812060802
"612","L93","Lupus erythematosus",12,1274,4.59697943954671,3.7414250351767,2.99778625653196
"613","L94","Other localized connective tissue disorders",12,1061,2.39542401401844,3.097396424476,2.83642916618055
"614","L95","Vasculitis limited to skin, not elsewhere classified",12,2513,8.5442520420405,8.10370689138545,7.26794757861826
"615","M05","Seropositive rheumatoid arthritis",13,13714,50.0829531139792,43.3901418547199,33.4466141215037
"616","M20","Acquired deformities of fingers and toes",13,41255,144.780317718356,153.310371348928,141.230133191129
"617","M60","Myositis",13,3176,16.9741251192701,11.1911191508214,9.32179737883079
"618","M65","Synovitis and tenosynovitis",13,66057,247.896192356658,241.13534920699,191.783126236007
"619","N18","Chronic renal failure",14,48730,186.239732845278,136.750680495588,97.8141288080125
"620","N49","Inflammatory disorders of male genital organs, not elsewhere classified",14,3991,1.30395994289208,0.837965713745362,0.651785473466592
"621","N51","Disorders of male genital organs in diseases classified elsewhere",14,553,0.369958722252984,0.28473678696724,0.353636925068811
"622","N60","Benign mammary dysplasia",14,18816,6.10763863131861,7.05201030344965,8.30944740743133
"623","N99","Postprocedural disorders of genitourinary system, not elsewhere classified",14,5729,30.3197431362485,25.1357278959901,22.8923674857536
"624","R01","Cardiac murmurs and other cardiac sounds",18,5627,17.4138070862105,16.5247333013622,15.4252500653913
"625","R09","Other symptoms and signs involving the circulatory and respiratory systems",18,11004,83.6471307985806,55.5786820793362,42.0756899009286
"626","R14","Flatulence and related conditions",18,292,1.11552157770683,1.03338961554141,1.33624606435691
"627","R15","Faecal incontinence",18,11481,33.3765483256908,30.5870781527224,32.6038070422133
"628","R19","Other symptoms and signs involving the digestive system and abdomen",18,48548,173.421073112407,155.148521589436,141.813096832052
"629","R51","Headache",18,55279,210.544896352228,164.4766727772,134.186568794088
"630","R94","Abnormal results of function studies",18,10720,59.2262282168659,40.9212530317863,32.4397058245111
"631","S79","Other and specified injuries of hip and thigh",19,1355,22.9737241929353,18.3084958699798,15.9006379420906
"632","S84","Injury of nerves at lower leg level",19,1208,5.09287752843628,4.72517572412601,4.3936827501263
"633","S86","Injury of muscle and tendon at lower leg level",19,17487,43.2121454994908,62.1134044124981,69.2844580878661
"634","T92","Sequelae of injuries of upper limb",19,55943,258.891621524533,239.918027917302,185.58928634257
"635","A52","Late syphilis",1,276,0.957953035294667,0.662699661134872,0.550277901075824
"636","A78","Q fever",1,386,42.235179494468,31.4249530059112,46.754310604752
"637","A88","Other viral infections of central nervous system, not elsewhere classified",1,597,34.6036618805668,34.8896410878689,28.5006776131236
"638","B48","Other mycoses, not elsewhere classified",1,306,1.16757913270036,0.974909288720998,0.814506179138755
"639","B59","Pneumocystosis",1,533,5.03567489760188,2.90566267846359,3.04823923045663
"640","B95","Streptococcus and staphylococcus as the cause of diseases classified to other chapters",1,5072,22.2262990035514,19.0024708813283,18.0075076726634
"641","C09","Malignant neoplasm of tonsil",2,2047,6.22374840850678,5.94403622699995,4.3196128244836
"642","C22","Malignant neoplasm of liver and intrahepatic bile ducts",2,5251,18.7729151349883,15.0847351439526,11.0266118896984
"643","C49","Malignant neoplasm of other connective and soft tissue",2,3569,10.7066300207173,11.0840532709557,11.4422522805889
"644","C55","Malignant neoplasm of uterus, part unspecified",2,499,0.000657582060767221,0.00049261512533159,0.000461520964343467
"645","C57","Malignant neoplasm of other and unspecified female genital organs",2,799,0.00127856753539944,0.00128309215143047,0.00143032641956764
"646","C61","Malignant neoplasm of prostate",2,39582,1.2467993362173,1.39089291415465,1.51322749969951
"647","D26","Other benign neoplasms of uterus",2,622,0.00864565625295661,0.00807981075997336,0.0070576471502604
"648","D32","Benign neoplasm of meninges",2,6294,17.5961367549312,17.4708556194253,18.6784338095208
"649","D37","Neoplasm of uncertain or unknown behaviour of oral cavity and digestive organs",2,1927,6.11992383837419,5.8452591361051,5.25847390712195
"650","D48","Neoplasm of uncertain or unknown behaviour of other and unspecified sites",2,2136,9.42171404061955,10.3799785543617,10.1705172916338
"651","D80","Immunodeficiency with predominantly antibody defects",3,1152,3.91683176777481,3.1664688961573,3.64540298338013
"652","D89","Other disorders involving the immune mechanism, not elsewhere classified",3,318,5.06719876049528,2.46361190056403,2.82673976452086
"653","E04","Other nontoxic goitre",4,39006,101.174178460726,103.023484134047,100.060286859161
"654","F06","Other mental disorders due to brain damage and dysfunction and to physical disease",5,15534,75.5489479557541,43.9619931762631,38.8478308910103
"655","F34","Persistent mood [affective] disorders",5,4280,193.797957177991,87.8472387476179,48.1035853821615
"656","G14","Postpolio syndrome",6,391,2.11420891206242,2.54372900038024,4.8071864410053
"657","G20","Parkinson's disease",6,12615,30.9750442510165,32.3572377703435,36.2333198300321
"658","G56","Mononeuropathies of upper limb",6,79883,360.303951946868,312.004626897667,205.391480022561
"659","H95","Postprocedural disorders of ear and mastoid process, not elsewhere classified",8,781,4.17964588958936,4.06720422240586,2.94628730021334
"660","I06","Rheumatic aortic valve diseases",9,442,7.98024287200083,4.09554005900973,4.71269590367659
"661","I10","Essential (primary) hypertension",9,317915,1826.98643541997,1520.58462064213,1156.53960018446
"662","L21","Seborrhoeic dermatitis",12,4890,13.0646929812949,16.2959302610788,17.9493285181804
"663","L30","Other dermatitis",12,26950,82.5991212261363,87.8562523915181,86.9692551299356
"664","M02","Reactive arthropathies",13,6212,29.9082835274426,29.6534940868065,29.1068459968888
"665","M15","Polyarthrosis",13,13025,47.2540666315064,44.2158446057646,34.8621282969069
"666","M30","Polyarteritis nodosa and related conditions",13,526,3.72314002595651,3.18650291499074,2.78526997749863
"667","M32","Systemic lupus erythematosus",13,1435,4.23355060131007,3.65600980274457,3.55420951750731
"668","M33","Dermatopolymyositis",13,995,3.172797782222,3.30912782222593,2.99095199849912
"669","M34","Systemic sclerosis",13,1309,3.6908993365551,3.874331921194,2.80129808909979
"670","M36","Systemic disorders of connective tissue in diseases classified elsewhere",13,122,2.13804824329864,1.37254548531059,0.842495880721542
"671","M43","Other deforming dorsopathies",13,16698,63.2659652330511,58.2582251627298,47.6724465548945
"672","M53","Other dorsopathies, not elsewhere classified",13,19116,129.661468438996,112.738654337231,73.6915919646637
"673","M67","Other disorders of synovium and tendon",13,48018,220.088892011132,236.669966745421,189.913947073639
"674","N04","Nephrotic syndrome",14,1462,5.89983718955401,4.71390699368941,4.16770657547724
"675","N13","Obstructive and reflux uropathy",14,22932,80.3130304910101,70.8277713703448,62.9595320060939
"676","N40","Hyperplasia of prostate",14,36430,1.99530293703753,2.04771557076074,2.26052901047485
"677","R16","Hepatomegaly and splenomegaly, not elsewhere classified",18,1793,10.1636365713488,7.62280372140224,6.08610024787285
"678","R18","Ascites",18,13036,52.294253498426,39.6874198921823,28.8726631841066
"679","R25","Abnormal involuntary movements",18,22887,107.110713330132,66.5996165107248,53.7867421122407
"680","R47","Speech disturbances, not elsewhere classified",18,3936,13.4806249357069,11.7117099530918,10.9952238578038
"681","R52","Pain, not elsewhere classified",18,195081,871.266935533551,659.484095028455,503.540843373409
"682","A46","Erysipelas",1,49272,190.966825359636,152.392180854589,132.643181004095
"683","C99","Clinical or paraclinical findings related to cancer",2,3146,59015.3300361215,80291.8616871237,45685.5252232032
"684","D07","Carcinoma in situ of other and unspecified genital organs",2,2649,10.4648336958579,9.22834498682693,8.95835728533457
"685","D15","Benign neoplasm of other and unspecified intrathoracic organs",2,947,5.7137383772272,5.71139801930853,4.70157081524565
"686","D17","Benign lipomatous neoplasm",2,39406,137.33528489633,132.385536329831,120.390744877042
"687","E01","Iodine-deficiency-related thyroid disorders and allied conditions",4,110,2.16120851152943,1.73391346860121,0.926426390634291
"688","E06","Thyroiditis",4,9885,17.4774807410659,19.4492322250214,24.2326542117486
"689","E25","Adrenogenital disorders",4,964,16.2864945485787,8.88865879785611,10.0195825474556
"690","E29","Testicular dysfunction",4,3297,0.749661068963472,0.730515460488093,0.825015191040895
"691","E32","Diseases of thymus",4,142,1.32161786107438,0.714562614500075,0.795809563408177
"692","E41","Nutritional marasmus",4,4705,18.4845864569476,13.2827708921882,8.41442208223725
"693","E50","Vitamin A deficiency",4,751,15.9362744241844,10.1478271103405,4.53861114131691
"694","E53","Deficiency of other B group vitamins",4,5692,22.4906878837393,17.2814208221557,11.3305576499994
"695","E68","Sequelae of hyperalimentation",4,8088,57.9967433848145,39.9747415607028,16.881737770708
"696","E78","Disorders of lipoprotein metabolism and other lipidaemias",4,136413,739.082881885619,577.505836978596,439.301098579964
"697","H44","Disorders of globe",7,5725,24.7649778095591,27.8785415254359,36.2681257641714
"698","H53","Visual disturbances",7,24044,77.4586918737972,74.022055855049,78.6692862196951
"699","I23","Certain current complications following acute myocardial infarction",9,732,4.70965606107353,3.4210969175972,2.30069996606805
"700","I24","Other acute ischaemic heart diseases",9,4260,36.6022034741632,23.7815081763628,16.0294475808908
"701","I28","Other diseases of pulmonary vessels",9,358,2.51837325845748,1.56937671347537,1.16993723489823
"702","I31","Other diseases of pericardium",9,4400,15.7648485796985,12.6522929294988,11.8609941296826
"703","I34","Nonrheumatic mitral valve disorders",9,17254,52.8661683797402,50.556871597604,50.6029638640747
"704","I47","Paroxysmal tachycardia",9,28570,142.963836636656,129.685746385956,120.162951409036
"705","I71","Aortic aneurysm and dissection",9,29211,81.2145989762225,76.8565686699497,64.442809868668
"706","I77","Other disorders of arteries and arterioles",9,1818,8.03736445657797,6.14641505275547,5.42860768896762
"707","I78","Diseases of capillaries",9,6754,35.716023342477,45.67961789097,51.6029899799497
"708","I80","Phlebitis and thrombophlebitis",9,49120,182.561336046838,158.172416576897,133.353600746168
"709","J80","Adult respiratory distress syndrome",10,1135,5.89234250614269,4.13060085161731,3.01775966159695
"710","J84","Other interstitial pulmonary diseases",10,12922,46.4868131892125,44.4721229976521,37.4298225423888
"711","J99","Respiratory disorders in diseases classified elsewhere",10,384,1.48787748527137,1.19702193754756,0.997467663103703
"712","K04","Diseases of pulp and periapical tissues",11,17692,81.1595683528644,59.1215360151807,49.7984247249969
"713","K29","Gastritis and duodenitis",11,43150,278.908598027173,176.123469191131,127.017514810309
"714","K76","Other diseases of liver",11,19732,78.2176350756161,64.0389633860812,49.2419215661617
"715","L02","Cutaneous abscess, furuncle and carbuncle",12,45239,213.432712165019,156.719292638607,124.016849025101
"716","M45","Ankylosing spondylitis",13,2906,15.13388991236,14.7336637475701,12.8279207646724
"717","M47","Spondylosis",13,63100,244.214102846164,220.151159325808,159.481970285525
"718","M80","Osteoporosis with pathological fracture",13,36341,98.7470854499067,82.0658693513678,73.3405575220637
"719","M96","Postprocedural musculoskeletal disorders, not elsewhere classified",13,4019,34.1585587928076,24.4960651012122,13.1913879695423
"720","N06","Isolated proteinuria with specified morphological lesion",14,642,46.4509083942645,30.2227490822451,24.1050910098223
"721","N14","Drug- and heavy-metal-induced tubulo-interstitial and tubular conditions",14,353,2.82132282305614,1.92882113778752,1.8074841954597
"722","N16","Renal tubulo-interstitial disorders in diseases classified elsewhere",14,627,3.92537241329649,2.43410424231866,2.06037125263017
"723","N17","Acute renal failure",14,26187,99.4708490867194,72.5926813811066,49.3843320101966
"724","N35","Urethral stricture",14,5447,11.6654847910748,11.1208167073046,10.3536132045202
"725","N48","Other disorders of penis",14,19378,2.17534122084704,2.17935217985789,2.21880626914683
"726","N63","Unspecified lump in breast",14,21275,53.5569908582739,50.1335195712756,71.3602595737291
"727","N95","Menopausal and other perimenopausal disorders",14,35828,6.04662497249132,5.69741104128869,5.55495157053115
"728","R21","Rash and other nonspecific skin eruption",18,10699,47.8768974717236,48.7482539402046,55.6073958457361
"729","R31","Unspecified haematuria",18,77283,424.97120068983,361.818834105517,351.657313854712
"730","S34","Injury of nerves and lumbar spinal cord at abdomen, lower back and pelvis level",19,893,4.99587695854967,5.01038080465574,3.8355659233331
"731","S38","Crushing injury and traumatic amputation of part of abdomen, lower back and pelvis",19,624,2.31572178279935,2.95023340723875,3.21513619780511
"732","S72","Fracture of femur",19,66200,218.148717903645,162.782640976989,137.919303594894
"733","A40","Streptococcal septicaemia",1,4034,25.4546170871607,18.1325931131794,15.4532347586017
"734","B96","Other bacterial agents as the cause of diseases classified to other chapters",1,4783,18.1486403223934,14.4637632874374,11.2190460619376
"735","C11","Malignant neoplasm of nasopharynx",2,302,1.30322856536886,0.922174098926682,0.838868352333313
"736","C16","Malignant neoplasm of stomach",2,6966,22.3132638349458,18.3747948105148,14.2216733585455
"737","C56","Malignant neoplasm of ovary",2,5371,0.483859948403551,0.478558029982239,0.485093771344214
"738","C74","Malignant neoplasm of adrenal gland",2,206,0.746610541413017,0.731066151759695,0.646795754801956
"739","C76","Malignant neoplasm of other and ill-defined sites",2,779,4.26519278913053,2.81528038896405,2.64273452602624
"740","C83","Diffuse non-Hodgkin's lymphoma",2,7779,22.9234884947746,22.488402589839,22.1345330894409
"741","C92","Myeloid leukaemia",2,3474,10.8263207340829,10.3968226265338,9.38750395093786
"742","D09","Carcinoma in situ of other and unspecified sites",2,10831,198.601906164454,221.702729243313,215.898658326062
"743","D19","Benign neoplasm of mesothelial tissue",2,115,0.68955309075108,0.473101564743395,0.478772333536668
"744","D20","Benign neoplasm of soft tissue of retroperitoneum and peritoneum",2,289,0.977073019911832,0.860704434999784,0.891613986289665
"745","D21","Other benign neoplasms of connective and other soft tissue",2,9691,30.3918902156112,31.6016620633836,32.8344213426224
"746","D27","Benign neoplasm of ovary",2,12546,1.86181931683535,1.79588879087756,1.78405140854787
"747","E07","Other disorders of thyroid",4,1509,7.97467047843506,8.37274962125817,8.66862021711911
"748","E11","Non-insulin-dependent diabetes mellitus",4,99500,608.700870087343,377.63548148806,233.111677476629
"749","H19","Disorders of sclera and cornea in diseases classified elsewhere",7,2487,11.3786400591948,10.9484200542385,11.003672241325
"750","H22","Disorders of iris and ciliary body in diseases classified elsewhere",7,291,3.372991077257,3.8233022928942,6.28214380832064
"751","H26","Other cataract",7,64162,208.134899381369,186.133299237977,176.408582096491
"752","I27","Other pulmonary heart diseases",9,8497,32.4125536209274,22.0490351707516,15.8717729178685
"753","I43","Cardiomyopathy in diseases classified elsewhere",9,171,1.66312905720045,1.19858640271373,0.939352342238394
"754","I44","Atrioventricular and left bundle-branch block",9,23419,67.1919072482783,63.2241727661171,56.2259963934119
"755","I61","Intracerebral haemorrhage",9,17821,62.0427131066048,50.3107705194994,44.5567133014231
"756","I70","Atherosclerosis",9,29640,128.309325022336,88.4546236367928,50.2340365389171
"757","J09","Influenza due to identified avian influenza virus",10,7053,80.7758634796696,69.261300041878,68.8280974557769
"758","J15","Bacterial pneumonia, not elsewhere classified",10,75872,495.026918961439,320.512427146663,246.948180856687
"759","K22","Other diseases of oesophagus",11,21965,83.6607073889658,66.2967490248157,49.7307616767616
"760","K46","Unspecified abdominal hernia",11,3062,12.7293864032378,9.57690585523597,7.21677606957787
"761","K51","Ulcerative colitis",11,13251,46.966151371745,50.3029408168418,44.3117432519995
"762","K60","Fissure and fistula of anal and rectal regions",11,21827,85.3016976495154,72.3172114683806,67.433902829349
"763","K72","Hepatic failure, not elsewhere classified",11,5932,41.5762061756141,24.141414232088,15.5017916940538
"764","K82","Other diseases of gallbladder",11,3454,13.3669575710663,12.806510126088,10.9180590251127
"765","K83","Other diseases of biliary tract",11,12513,45.9463377854949,38.0424630856692,30.8368711136338
"766","K92","Other diseases of digestive system",11,35745,188.007131483104,115.118258900692,81.975343784341
"767","M13","Other arthritis",13,25386,86.2623843956472,83.9645113964887,72.0942542404828
"768","M51","Other intervertebral disc disorders",13,95737,582.745219891302,540.399288595797,396.82242314682
"769","N50","Other disorders of male genital organs",14,18953,3.29296836306787,3.32883501478449,3.29327969433017
"770","N84","Polyp of female genital tract",14,34506,0.0335070934853958,0.0333800516043329,0.0349570017066501
"771","R07","Pain in throat and chest",18,154140,646.292315164856,496.35544814062,412.139064665216
"772","R60","Oedema, not elsewhere classified",18,23067,94.0899525985817,73.524881079191,58.4030546826466
"773","R74","Abnormal serum enzyme levels",18,11027,38.2219081087823,34.2651231855545,30.4106346189036
"774","R92","Abnormal findings on diagnostic imaging of breast",18,334,0.533219471039352,0.5240693304074,0.562254161068186
"775","R93","Abnormal findings on diagnostic imaging of other body structures",18,32963,190.133065028417,195.693501790682,165.456183769368
"776","T06","Other injuries involving multiple body regions, not elsewhere classified",19,5043,21.436248103646,15.7612976532144,11.683902595016
"777","T69","Other effects of reduced temperature",19,199,0.782864738981261,0.96675217628485,0.952583411944353
"778","T79","Certain early complications of trauma, not elsewhere classified",19,14931,59.7336597846583,45.4016402860405,37.1843609152456
"779","T85","Complications of other internal prosthetic devices, implants and grafts",19,9552,35.369009701696,31.424239506133,25.1399763942439
"780","T94","Sequelae of injuries involving multiple and unspecified body regions",19,1135,11.9355510454947,8.66379870583201,7.84442373352429
"781","A42","Actinomycosis",1,203,1.83325380260131,1.02590402015766,0.622449988701348
"782","A70","Chlamydia psittaci infection",1,117,0.34819845826422,0.253232149927998,0.191586761650686
"783","A97","Dengue",1,218,0.87002372781996,1.98704259602963,1.91689966261597
"784","B23","Human immunodeficiency virus [HIV] disease resulting in other conditions",1,1350,4.04072575896577,2.73451894486052,3.61346629496244
"785","B49","Unspecified mycosis",1,278,1.59954816131914,1.06238120338673,0.799029492976524
"786","B67","Echinococcosis",1,100,0.416357908211446,0.314742863222443,0.279561665863938
"787","B94","Sequelae of other and unspecified infectious and parasitic diseases",1,1097,109.048135110571,122.365789275981,146.836346694531
"788","C02","Malignant neoplasm of other and unspecified parts of tongue",2,1257,4.9400919062614,4.24204342408138,3.10114599325608
"789","C14","Malignant neoplasm of other and ill-defined sites in the lip, oral cavity and pharynx",2,935,4.03155529354132,2.75521958781861,1.65468684241947
"790","C21","Malignant neoplasm of anus and anal canal",2,1796,6.06231190602208,5.37932625420281,4.37994617837073
"791","C30","Malignant neoplasm of nasal cavity and middle ear",2,563,2.16084710366873,1.74664230220596,1.3459879839549
"792","C37","Malignant neoplasm of thymus",2,353,1.99915915056007,2.07561099516302,2.01518025164044
"793","C38","Malignant neoplasm of heart, mediastinum and pleura",2,500,2.86307834341505,2.40117445599352,2.28537820876317
"794","C45","Mesothelioma",2,1440,3.05090460263674,3.68466154213281,2.96560603268471
"795","C50","Malignant neoplasm of breast",2,43158,24.3932463443292,26.8124128083746,28.619790005554
"796","D38","Neoplasm of uncertain or unknown behaviour of middle ear and respiratory and intrathoracic organs",2,1423,6.84932578488116,4.56880289443874,3.36789052955718
"797","D47","Other neoplasms of uncertain or unknown behaviour of lymphoid, haematopoietic and related tissue",2,12397,44.4253009049854,44.9363740079833,42.8758119370079
"798","D71","Functional disorders of polymorphonuclear neutrophils",3,215,103.38746477618,86.5266110611095,68.8575750584083
"799","D72","Other disorders of white blood cells",3,4985,23.6265949680699,17.1800491449601,15.0785606810592
"800","E02","Subclinical iodine-deficiency hypothyroidism",4,147,7.61598050253294,4.76540477133471,3.78676861672755
"801","E03","Other hypothyroidism",4,46355,129.524504139078,122.294084573537,134.394714582098
"802","F04","Organic amnesic syndrome, not induced by alcohol and other psychoactive substances",5,595,1.97557555389651,1.75458933783968,1.98613800017391
"803","F05","Delirium, not induced by alcohol and other psychoactive substances",5,28762,95.6431165429952,70.4262666376373,54.2619218808601
"804","F38","Other mood [affective] disorders",5,539,4.60313165803901,2.60267456481642,1.67956343601933
"805","F39","Unspecified mood [affective] disorder",5,1300,14.8129429465456,7.78430390826273,5.31034229113346
"806","F51","Nonorganic sleep disorders",5,3397,34.8194682605811,33.6412044221368,40.450907899031
"807","F62","Enduring personality changes, not attributable to brain damage and disease",5,2331,29.7005750012126,11.9536543245718,7.92132790524257
"808","G10","Huntington's disease",6,308,1.13970199240191,1.00266836263052,0.841466099505788
"809","G12","Spinal muscular atrophy and related syndromes",6,2108,6.08178422317944,6.4031012000086,6.31798816580761
"810","G25","Other extrapyramidal and movement disorders",6,7666,27.7061316476735,23.7638061343853,19.493866158016
"811","G44","Other headache syndromes",6,26579,112.59530696618,86.6765834063682,72.3308845206417
"812","G92","Toxic encephalopathy",6,182,3.51270089509696,1.54165952792897,0.752809719746689
"813","G95","Other diseases of spinal cord",6,9981,37.6015165663403,32.7677225446842,32.6678237782486
"814","H06","Disorders of lacrimal system and orbit in diseases classified elsewhere",7,1504,4.77597293032209,4.87778525687404,4.02563133682094
"815","H15","Disorders of sclera",7,1409,5.86517939322406,5.29556897695041,6.28680329521362
"816","H17","Corneal scars and opacities",7,2469,10.7186144027947,9.81198318872907,7.55402346666668
"817","H21","Other disorders of iris and ciliary body",7,1648,5.75186198556129,5.78640254664984,5.53472527200524
"818","H27","Other disorders of lens",7,1699,7.57487977084456,5.94102342466209,5.27696286770206
"819","H31","Other disorders of choroid",7,968,3.59152918955103,3.94700588111782,3.75451283729676
"820","H34","Retinal vascular occlusions",7,13237,39.7287442691458,38.4727748707522,37.5013781321142
"821","H47","Other disorders of optic [2nd] nerve and visual pathways",7,4412,15.7386470589575,13.3993291764546,13.4699299583149
"822","H57","Other disorders of eye and adnexa",7,23290,83.355116478678,82.2175358099404,93.9571823474761
"823","I15","Secondary hypertension",9,10153,91.1587293178994,69.1189382253271,54.311001247986
"824","I26","Pulmonary embolism",9,37451,130.070489636072,114.535860011332,95.5123106313434
"825","I62","Other nontraumatic intracranial haemorrhage",9,1928,7.12342717479028,5.72924589332853,5.36729970380243
"826","I63","Cerebral infarction",9,84596,304.597767073282,255.339320255605,206.928221748153
"827","I95","Hypotension",9,25175,83.2500382118274,69.2879253404043,54.9654200379769
"828","J37","Chronic laryngitis and laryngotracheitis",10,2752,18.8601097042128,13.1491680505004,10.7808173095053
"829","J41","Simple and mucopurulent chronic bronchitis",10,1166,14.986539116114,8.7611164338404,5.49094956918316
"830","J81","Pulmonary oedema",10,8847,31.654893223086,22.0556426470801,15.2347940164366
"831","K08","Other disorders of teeth and supporting structures",11,12255,66.2207076395882,37.2086719191836,28.3870915663045
"832","K27","Peptic ulcer, site unspecified",11,5474,49.6492548106886,29.9544139494834,16.9671892911193
"833","K42","Umbilical hernia",11,29370,98.7250193386856,91.770863155697,78.2380664535784
